{"data":{"wpLogo":{"logoMeta":{"logo":{"sourceUrl":"http://ginfomedia.in/production/mls/gatsby/wp-content/uploads/2022/02/logo.png"}}},"allWpBanner":{"edges":[{"node":{"bannerMeta":{"imageUpload":{"sourceUrl":"http://ginfomedia.in/production/mls/gatsby/wp-content/uploads/2022/02/slide1.jpg"}}}},{"node":{"bannerMeta":{"imageUpload":{"sourceUrl":"http://ginfomedia.in/production/mls/gatsby/wp-content/uploads/2022/02/slide2.jpg"}}}}]},"wpOverview":{"overviewMeta":{"lessDescription":"Experience “Elm” & “Fir” – spectacular 30 story towers, offering elegant 1 & 2 bed apartments with dedicated world class amenities for an exceptional lifestyle. Located near the western express highway, the residences here have a panoramic view of the Sanjay Gandhi National Park. The high rise is designed to indulge your senses with its vistas and amenities, and to make life easy with seamless connectivity.","moreDescription":"Located near the western express highway, the residences here have a panoramic view of the Sanjay Gandhi National Park. The high rise is designed to indulge your senses with its vistas and amenities, and to make life easy with seamless connectivity."}},"allWpHighlight":{"edges":[{"node":{"projectHighlightMeta":{"description":"Less than 20 minutes from the upcoming Navi Mumbai International Airport.","image":{"sourceUrl":"http://ginfomedia.in/production/mls/gatsby/wp-content/uploads/2022/02/fav-icon.png"}}}},{"node":{"projectHighlightMeta":{"description":"Uniquely designed 25,000 sft food court. Food court has 500 seating capacity.","image":{"sourceUrl":"http://ginfomedia.in/production/mls/gatsby/wp-content/uploads/2022/02/seats.png"}}}},{"node":{"projectHighlightMeta":{"description":"Less than 20 minutes from the upcoming Navi Mumbai International Airport.","image":{"sourceUrl":"http://ginfomedia.in/production/mls/gatsby/wp-content/uploads/2022/02/airport.png"}}}},{"node":{"projectHighlightMeta":{"description":"Airoli-Palava commute to reduce to 10 minutes via proposed new tunnel.","image":{"sourceUrl":"http://ginfomedia.in/production/mls/gatsby/wp-content/uploads/2022/02/tunnel.png"}}}}]},"allWpAmenitiesTab":{"edges":[{"node":{"amenitiesTabsMeta":{"title":"Outdoor Amenities"}}},{"node":{"amenitiesTabsMeta":{"title":"Indoor Amenities"}}}]},"allWpAmenitiesIcon":{"edges":[{"node":{"amenitiesIconsMeta":{"icon":{"sourceUrl":"http://ginfomedia.in/production/mls/gatsby/wp-content/uploads/2022/02/fav-icon.png"},"title":"Grand Entrance Lobby","tabsTitle":"Outdoor Amenities"}}},{"node":{"amenitiesIconsMeta":{"icon":{"sourceUrl":"http://ginfomedia.in/production/mls/gatsby/wp-content/uploads/2022/02/airport.png"},"title":"Royal Gateway","tabsTitle":"Indoor Amenities"}}}]},"allWpProjectTab":{"edges":[{"node":{"projectTabMeta":{"title":"1 BHK"}}},{"node":{"projectTabMeta":{"title":"2 BHK"}}}]},"allWpProjectImage":{"edges":[{"node":{"projectImagesMeta":{"title":"1 BHK","tabTitle":"1 BHK","image":{"sourceUrl":"http://ginfomedia.in/production/mls/gatsby/wp-content/uploads/2022/02/1-scaled-1.jpg"}}}},{"node":{"projectImagesMeta":{"title":"1 BHK","tabTitle":"1 BHK","image":{"sourceUrl":"http://ginfomedia.in/production/mls/gatsby/wp-content/uploads/2022/02/1-scaled-1.jpg"}}}},{"node":{"projectImagesMeta":{"title":"1 BHK","tabTitle":"1 BHK","image":{"sourceUrl":"http://ginfomedia.in/production/mls/gatsby/wp-content/uploads/2022/02/1-scaled-1.jpg"}}}},{"node":{"projectImagesMeta":{"title":"1 BHK","tabTitle":"1 BHK","image":{"sourceUrl":"http://ginfomedia.in/production/mls/gatsby/wp-content/uploads/2022/02/1-scaled-1.jpg"}}}}]},"allWpPrice":{"edges":[{"node":{"priceContentMeta":{"title":"1 BHK Luxe","area":"RERA C.A.- 405 SQ.FT.","price":null}}},{"node":{"priceContentMeta":{"title":"2 BHK Luxe","area":"RERA C.A.- 600 SQ.FT.","price":null}}},{"node":{"priceContentMeta":{"title":"3 BHK Luxe","area":"RERA C.A.- 787 SQ.FT.","price":null}}},{"node":{"priceContentMeta":{"title":"4 BHK Luxe","area":"RERA C.A.- 976 SQ.FT.","price":null}}}]},"wpContact":{"contactMeta":{"secondaryNumber":2268680097,"primaryNumber":2268680097,"mapLink":"https://www.google.com/maps/embed?pb=!1m18!1m12!1m3!1d3766.427059646179!2d72.87399221490402!3d19.2637859869805!2m3!1f0!2f0!3f0!3m2!1i1024!2i768!4f13.1!3m3!1m2!1s0x3be7b1a60c0cb73f%3A0xa9082b7b7c2c35c0!2sAaradhya%20HighPark%20By%20MICL!5e0!3m2!1sen!2sin!4v1622567630213!5m2!1sen!2sin","email":"primepark@gmail.com","address":"PASSCODE PRIMEPARK, Aaradhya Highpark On Western Express Highway, Near Dahisar Check Naka, Mira Road, Maharashtra - 401107"}}}}