{"name":"build-javascript","namedChunkGroups":{"polyfill":{"name":"polyfill","assets":[{"name":"webpack-runtime-0edcb4ebd9687393428e.js","size":5174},{"name":"26d44692519aa3e3c0ea12faf83be4126d0a4e0c-81e28480bd7f15463b80.js","size":12567},{"name":"polyfill-34d604d23a5bf2197f37.js","size":88509}],"filteredAssets":0,"assetsSize":106250,"filteredAuxiliaryAssets":3,"auxiliaryAssetsSize":302077},"app":{"name":"app","assets":[{"name":"webpack-runtime-0edcb4ebd9687393428e.js","size":5174},{"name":"framework-1ee7184ff9f2625a55b1.js","size":130477},{"name":"app-a1c95b5bacf4aa888126.js","size":82045}],"filteredAssets":0,"assetsSize":217696,"filteredAuxiliaryAssets":3,"auxiliaryAssetsSize":690311},"gatsby-plugin-image":{"name":"gatsby-plugin-image","assets":[{"name":"gatsby-plugin-image-664c06489c579783aa41.js","size":607}],"filteredAssets":0,"assetsSize":607,"filteredAuxiliaryAssets":0,"auxiliaryAssetsSize":0},"component---src-pages-404-js":{"name":"component---src-pages-404-js","assets":[{"name":"component---src-pages-404-js-2ffd8b6da8688f23e2d5.js","size":801}],"filteredAssets":0,"assetsSize":801,"filteredAuxiliaryAssets":1,"auxiliaryAssetsSize":1880},"component---src-pages-index-js":{"name":"component---src-pages-index-js","assets":[{"name":"framework-1ee7184ff9f2625a55b1.js","size":130477},{"name":"styles.dbf25550aec84c721598.css","size":180365},{"name":"26d44692519aa3e3c0ea12faf83be4126d0a4e0c-81e28480bd7f15463b80.js","size":12567},{"name":"component---src-pages-index-js-af75d95d96563288b652.js","size":224937}],"filteredAssets":0,"assetsSize":548346,"filteredAuxiliaryAssets":8,"auxiliaryAssetsSize":1263402},"component---src-templates-wp-post-js":{"name":"component---src-templates-wp-post-js","assets":[{"name":"component---src-templates-wp-post-js-7f142e54101c3096e05d.js","size":290}],"filteredAssets":0,"assetsSize":290,"filteredAuxiliaryAssets":1,"auxiliaryAssetsSize":340}},"assetsByChunkName":{"polyfill":["webpack-runtime-0edcb4ebd9687393428e.js","26d44692519aa3e3c0ea12faf83be4126d0a4e0c-81e28480bd7f15463b80.js","polyfill-34d604d23a5bf2197f37.js"],"app":["webpack-runtime-0edcb4ebd9687393428e.js","framework-1ee7184ff9f2625a55b1.js","app-a1c95b5bacf4aa888126.js"],"gatsby-plugin-image":["gatsby-plugin-image-664c06489c579783aa41.js"],"component---src-pages-404-js":["component---src-pages-404-js-2ffd8b6da8688f23e2d5.js"],"component---src-pages-index-js":["framework-1ee7184ff9f2625a55b1.js","styles.dbf25550aec84c721598.css","26d44692519aa3e3c0ea12faf83be4126d0a4e0c-81e28480bd7f15463b80.js","component---src-pages-index-js-af75d95d96563288b652.js"],"component---src-templates-wp-post-js":["component---src-templates-wp-post-js-7f142e54101c3096e05d.js"]},"childAssetsByChunkName":{}}